id,first_name,last_name
1,Stephanie,Harding
2,Karen,David
3,Tina,Schultz
4,Kevin,Moore
5,Tina,Jones
6,Karen,Brewer
7,Katherine,Dickson
8,Melissa,Molina
9,Dale,Lopez
10,Christopher,Matthews
11,Marcia,Hawkins
12,Leslie,Martinez
13,Christina,Smith
14,Kevin,Smith
15,Tammy,Martinez
16,Candace,Fuentes
17,John,Washington
18,Dawn,Lutz
19,Vincent,Wade
20,Robert,Lucas
21,Isabel,Walker
22,Gerald,Harrell
23,Jessica,Bailey
24,Erica,Tate
25,Nancy,Cole
26,Barbara,Tran
27,Eric,Miller
28,Linda,Baker
29,Jeremy,Kent
30,Adam,Chambers
31,Grant,Hall
32,Lisa,Mcgee
33,Kevin,Mata
34,Brittany,Walton
35,Victoria,Robinson
36,Michelle,Anderson
37,Jonathan,Smith
38,Kelsey,Gomez
39,Nathan,Wright
40,Jacqueline,Roberson
41,Molly,Martin
42,Troy,Thomas
43,Steven,Goodman
44,Dominic,Stewart
45,Mackenzie,Haley
46,Carolyn,Meyer
47,Caitlin,Kaufman
48,Andrew,Walker
49,Jason,Waters
50,Elizabeth,Williams
51,Suzanne,Brown
52,Olivia,Peters
53,William,Gonzalez
54,Diana,Galvan
55,Ashley,Haney
56,Jeremy,Welch
57,Robert,Gutierrez
58,Jason,Mcdaniel
59,Cody,Skinner
60,Brittany,Riley
61,Anthony,Smith
62,Kristen,Harris
63,Scott,Morgan
64,Kristen,Hooper
65,Carl,Brown
66,Laura,Anderson
67,William,Ramos
68,Edwin,Roberts
69,Bradley,Walker
70,Courtney,Ferguson
71,Raymond,Valdez
72,Bob,Fernandez
73,Michael,Anderson
74,Erin,Rodriguez
75,Carlos,Vazquez
76,Jesus,Dodson
77,Laura,Miller
78,Tamara,Anderson
79,James,Williams
80,Brad,Ward
81,Robert,Ross
82,Donna,Dickson
83,Matthew,Ali
84,Sarah,Willis
85,Jillian,Douglas
86,Julia,Johnson
87,Emily,Holmes
88,Karen,Clark
89,Gregory,Mathis
90,Marcus,Brown
91,Steven,Glass
92,Molly,Hernandez
93,Kyle,Brown
94,Joann,Rivera
95,Betty,Friedman
96,Veronica,Thomas
97,Dale,Tran
98,Martha,Chavez
99,Hannah,Hood
100,Ana,Smith
